sent_id_1,sent_id_2,similarity
15,15,0.10248672357105496
15,12,0
15,13,0.010738566050175459
15,14,0
12,15,0
12,12,0.06641942503246004
12,13,0.0034797159957565015
12,14,0.006235067175534507
13,15,0.010738566050175459
13,12,0.0034797159957565015
13,13,0.2007720899409173
13,14,0
14,15,0
14,12,0.006235067175534507
14,13,0
14,14,0.1798749480245907
