sent_id_1,sent_id_2,similarity
15,15,1
15,12,0
15,13,0.09313839651294496
15,14,0
12,15,0
12,12,1
12,13,0.03749748335932775
12,14,0.07159686692208692
13,15,0.09313839651294496
13,12,0.03749748335932775
13,13,0.9999999999999999
13,14,0
14,15,0
14,12,0.07159686692208692
14,13,0
14,14,0.9999999999999998
